Reporting Region,City,State,Zip,Country,FSL Provider
USA,Birmingham,AL,35209,USA,FGL
USA,Little Rock,AR,72204,USA,FGL
USA,Tempe,AZ,85282,USA,FGL
USA,Atascadero,CA,93422,USA,FGL
USA,Bakersfield,CA,93309,USA,FGL
USA,San Bernadino,CA,92407,USA,FGL
USA,Van Nuys,CA,91411,USA,FGL
USA,Eureka,CA,95501,USA,FGL
USA,Oakland,CA,94603,USA,FGL
USA,Redding,CA,96002,USA,FGL
USA,Riverside,CA,92507,USA,FGL
USA,Sacramento,CA,95815,USA,FGL
USA,San Diego,CA,92037,USA,FGL
USA,Santa Rosa,CA,95401,USA,FGL
USA,Hayward,CA,94545,USA,FGL
USA,Doral,FL,33126,USA,FGL
USA,Ft. Lauderdale,FL,33309,USA,FGL
USA,Orlando,FL,32809,USA,FGL
USA,Tampa,FL,33634,USA,FGL
USA,Savannah,GA,31415,USA,FGL
USA,Harmon,GU,96931,USA,FGL
USA,Honolulu,HI,96817,USA,FGL
USA,Des Moines,IA,50313,USA,FGL
USA,Pocatello,ID,83201,USA,FGL
USA,Elk Grove Villa,IL,60007,USA,FGL
USA,Peoria,IL,61610,USA,FGL
USA,Lenexa,KS,66215,USA,FGL
USA,Lexington,KY,40511,USA,FGL
USA,Louisville,KY,40228,USA,FGL
USA,Ashland,KY,41101,USA,FGL
USA,New Orleans,LA,70123,USA,FGL
USA,Shreveport,LA,71106,USA,FGL
USA,Cambridge,MA,2138,USA,FGL
USA,Baltimore,MD,22309,USA,FGL
USA,Portland,ME,4101,USA,FGL
USA,Detroit,MI,48174,USA,FGL
USA,Flint,MI,48507,USA,FGL
USA,Grand Rapids,MI,49512,USA,FGL
USA,Minneapolis,MN,55408,USA,FGL
USA,Saint Louis,MO,63114,USA,FGL
USA,Bozeman,MT,59715,USA,FGL
USA,Greenville,NC,27858,USA,FGL
USA,Raleigh,NC,27604,USA,FGL
USA,Winston Salem,NC,27103,USA,FGL
USA,Bismark,ND,58501,USA,FGL
USA,West Fargo,ND,58078,USA,FGL
USA,South Kearny,NJ,7032,USA,FGL
USA,Westville,NJ,8093,USA,FGL
USA,Roswell,NM,88203,USA,FGL
USA,Albuquerque,NM,87109,USA,FGL
USA,Las Vegas,NV,89120,USA,FGL
USA,Albany,NY,12205,USA,FGL
USA,New York,NY,10022,USA,FGL
USA,Rochester,NY,14606,USA,FGL
USA,Columbus,OH,43204,USA,FGL
USA,Oklahoma City,OK,73128,USA,FGL
USA,Portland,OR,97230,USA,FGL
USA,Allentown,PA,18109,USA,FGL
USA,Camp Hill,PA,17011,USA,FGL
USA,Pittsburgh,PA,15233,USA,FGL
USA,Scranton,PA,18512,USA,FGL
USA,State College,PA,16803,USA,FGL
USA,San Juan,PR,923,USA,FGL
USA,Columbia,SC,29212,USA,FGL
USA,Greenville,SC,29607,USA,FGL
USA,Rapid City,SD,57701,USA,FGL
USA,Sioux Falls,SD,57107,USA,FGL
USA,Nashville,TN,37211,USA,FGL
USA,Chattanooga,TN,37416,USA,FGL
USA,Beaumont,TX,77707,USA,FGL
USA,Coppell,TX,75019,USA,FGL
USA,El Paso,TX,79936,USA,FGL
USA,Harlingen,TX,78550,USA,FGL
USA,San Antonio,TX,78216,USA,FGL
USA,Salt Lake City,UT,84108,USA,FGL
USA,Norfolk,VA,23502,USA,FGL
USA,Roanoke,VA,24012,USA,FGL
USA,Burrlington,VT,5495,USA,FGL
USA,Auburn,WA,98001,USA,FGL
USA,Pasco,WA,99301,USA,FGL
USA,Green Bay,WI,54313,USA,FGL
USA,Hunnington,WV,20571,USA,FGL
APAC,Hindmarsh,SA,5007,AUSTRALIA,FGL
APAC,Eagle Farm,QLD,4009,AUSTRALIA,FGL
APAC,Queanbeyan,NSW,2620,AUSTRALIA,FGL
APAC,Northern Territory,Darwin,810,AUSTRALIA,FGL
APAC,Sandy Bay,Tasmania,7005,AUSTRALIA,FGL
APAC,South Melbourne,Victoria,3205,AUSTRALIA,FGL
APAC,Welshpool,WA,6103,AUSTRALIA,FGL
APAC,SYDNEY,NSW,2116,AUSTRALIA,FGL
APAC,Homebush West,NSW,2140,AUSTRALIA,FGL
APAC,Beijing,.,100101,CHINA,FGL
APAC,Beijing,Beijing,101300,CHINA,FGL
APAC,Beijing,Beijing,100176,CHINA,FGL
APAC,Shanghai,.,201203,CHINA,FGL
APAC,Shanghai,Shanghai,200131,CHINA,FGL
APAC,Shanghai,Shanghai,201203,CHINA,FGL
APAC,Shenzhen,Guangdong,518000,CHINA,FGL
APAC,Tamuning,Guam,96931,GUAM,FGL
APAC,Hong Kong,Hong Kong,100000,HONG KONG,FGL
APAC,BANGALORE,KARNATAKA,560024,INDIA,FGL
APAC,MUMBAI,MAHARASTRA,400 701,INDIA,FGL
APAC,MUMBAI,MAHARASTRA,400079,INDIA,FGL
APAC,New Delhi,New Delhi,110020,INDIA,FGL
APAC,Chennai,Tamil Nadu,600026,INDIA,FGL
APAC,Jakarta,Jakarta,11440,INDONESIA,FGL
APAC,Asahikawa,Hokkaido,071-1247,JAPAN,FGL
APAC,Takikawa-shi,Hokkaido,073-0004,JAPAN,FGL
APAC,Wakkanai,Hokkaido,097-0011,JAPAN,FGL
APAC,Aomori-shi,Aomori,030-0946,Japan,FGL
APAC,Hirosaki-shi,Aomori,036-8083,Japan,FGL
APAC,Kamikita-gun,Aomori,039-2666,JAPAN,FGL
APAC,Goshogawara-shi,Aomori,037-0202,Japan,FGL
APAC,Mutsu,Aomori,035-0011,Japan,FGL
APAC,Akita-shi,Akita,011-0901,Japan,FGL
APAC,Senboku-gun,Akita,019-1404,Japan,FGL
APAC,Yokote-shi,Akita,013-0063,Japan,FGL
APAC,Abuta-gun,Hokkaido,044-0051,Japan,FGL
APAC,Muroran,Hokkaido,050-0075,Japan,FGL
APAC,Tomakomai,Hokkaido,053-0053,Japan,FGL
APAC,Fukushima-shi,Fukushima,960-8164,Japan,FGL
APAC,Tamura-gun,Fukushima,963-7732,Japan,FGL
APAC,Minamiaizu-gun,Fukushima,967-0004,Japan,FGL
APAC,Onuma-Gun,Fukushima,969-6207,Japan,FGL
APAC,Sukagawa-shi,Fukushima-ken,962-0403,Japan,FGL
APAC,Minami Soma,Fukushima,975-0076,Japan,FGL
APAC,Iwaki,Fukushima,973-8409,Japan,FGL
APAC,Nishi Shirakawa-gun,Fukushima,969-0206,Japan,FGL
APAC,Yamagata-shi,Yamagata-shi,990-0024,Japan,FGL
APAC,Sakata-shi,Yamagata,998-0851,Japan,FGL
APAC,Shinjo-shi,Yamagata,996-0041,Japan,FGL
APAC,Yonezawa-shi,Yamagata,992-0021,Japan,FGL
APAC,Hachinohe-shi,Aomori,039-1164,Japan,FGL
APAC,Hokuto,Hokkaido,041-1215,Japan,FGL
APAC,Hanamaki-shi,Iwate,025-0024,Japan,FGL
APAC,Osyu-shi,Iwate,023-0841,Japan,FGL
APAC,Kuji-shi,Iwate,028-0071,Japan,FGL
APAC,Miyako-shi,Iwate-ken,027-0021,Japan,FGL
APAC,Shiba-gun,Iwate,020-0891,Japan,FGL
APAC,Tateyama-shi,Chiba,294-0045,Japan,FGL
APAC,Yokosuka-shi,Kanagawa,238-0023,Japan,FGL
APAC,Odawara-Shi,Kanagawa-Ken,256-0812,Japan,FGL
APAC,Futtsu-shi,Chiba-ken,293-0044,Japan,FGL
APAC,Yokohama,Kanagawa,221-0022,Japan,FGL
APAC,Minato-ku,Tokyo,108-0075,Japan,FGL
APAC,Isehara-shi,Kanagawa-ken,259-1121,Japan,FGL
APAC,Kodaira,Tokyo,187-0013,Japan,FGL
APAC,Hachioji-shi,Tokyo,192-0063,Japan,FGL
APAC,Higashi Matsuyama,Saitama,355-0072,Japan,FGL
APAC,Tokamachi-shi,Niigata,948-0073,Japan,FGL
APAC,Uonuma-shi,Niigata,949-6608,Japan,FGL
APAC,Joyetsu-shi,Niigata,943-0823,Japan,FGL
APAC,Sanjo,Niigata,955-0046,Japan,FGL
APAC,Niigata-shi,Niigata-ken,950-1126,Japan,FGL
APAC,Iwafune-gun,Niigata,959-3241,Japan,FGL
APAC,Nagaoka-shi,Niigata,940-2112,Japan,FGL
APAC,Kushiro-shi,Hokkaido,088-0616,Japan,FGL
APAC,Kitami-shi,Hokkaido,099-0878,Japan,FGL
APAC,Nagano-shi,Nagano,381-0025,Japan,FGL
APAC,Matsumoto-shi,Nagano,399-0033,Japan,FGL
APAC,Ueda-shi,Nagano,386-0003,Japan,FGL
APAC,Saku-shi,Nagano,385-0051,Japan,FGL
APAC,Suwa-shi,Nagano,392-0013,Japan,FGL
APAC,Ina-shi,Nagano,396-0021,Japan,FGL
APAC,Iida-shi,Nagano,395-0013,Japan,FGL
APAC,Kofu-shi,Yamanashi-ken,400-0054,Japan,FGL
APAC,Nagoya-shi,Aichi,462-0845,Japan,FGL
APAC,Shinagawa-ku,Tokyo,140-0002,Japan,FGL
APAC,Ome-shi,Tokyo,198-0032,Japan,FGL
APAC,Chiba-shi,Chiba,260-0808,Japan,FGL
APAC,Sanbu-gun Shibayama-machi,Chiba-ken,289-1608,Japan,FGL
APAC,Obihiro-shi,Hokkaido,080-0028,Japan,FGL
APAC,Sapporo-shi,Hokkaido,003-0011,Japan,FGL
APAC,Noshiro-shi,Akita,016-0171,Japan,FGL
APAC,Saitama-shi,Saitama,331-0046,Japan,FGL
APAC,Chichibu-shi,Saitama,369-1871,Japan,FGL
APAC,Odate-shi,Akita,017-0854,Japan,FGL
APAC,Osaka-shi,Osaka,538-0037,Japan,FGL
APAC,Yamato Koriyama-shi,Nara-ken,639-1124,Japan,FGL
APAC,Funabashi-shi,Chiba,273-0039,Japan,FGL
APAC,Katsuura-shi,Chiba,299-5264,Japan,FGL
APAC,Asahi-shi,Chiba,289-2505,Japan,FGL
APAC,Mobara-shi,Chiba,297-0017,Japan,FGL
APAC,Maebashi-shi,Gunma,379-2134,Japan,FGL
APAC,Agatsuma-gun,Gunma,377-0423,Japan,FGL
APAC,Tatebayashi,Gunma,374-0006,Japan,FGL
APAC,Tsuchiura-shi,Ibaragi,300-0038,Japan,FGL
APAC,Omitama-shi,Ibaraki,319-0101,Japan,FGL
APAC,Chikusai-shi,Ibaraki,308-0114,Japan,FGL
APAC,Koga-shi,Ibaraki,306-0204,Japan,FGL
APAC,Naka-shi,Ibaraki,311-0117,Japan,FGL
APAC,Kashima,Ibaraki,314-0022,Japan,FGL
APAC,Utsunomiya-shi,Tochigi,320-0071,Japan,FGL
APAC,Imaichi-shi,Tochigi,321-2332,Japan,FGL
APAC,Nasushiobara-shi,Tochigi,329-2702,Japan,FGL
APAC,Sendai-shi,Miyagi,983-0034,Japan,FGL
APAC,Osaki-shi,Miyagi,989-6255,Japan,FGL
APAC,Ishinomaki-shi,Miyagi,986-0805,Japan,FGL
APAC,Kesenuma-shi,Miyagi,988-0053,Japan,FGL
APAC,Shibata-gun,Miyagi,989-1606,Japan,FGL
APAC,Sado-shi,Niigata,952-0212,Japan,FGL
APAC,Gwangju,.,502-152,Korea,FGL
APAC,Yongin-si,Gyeonggi-do,446-904,Korea,FGL
APAC,Busan,Busan,617-050,Korea,FGL
APAC,Selangor Darul Ehsan,Kuala Lumpur,64000,MALAYSIA,FGL
APAC,Auckland,.,2022,NEW ZEALAND,FGL
APAC,Wellington,.,6035,NEW ZEALAND,FGL
APAC,paranaque,Philippines,1018,PHILIPPINES,FGL
APAC,Singapore,Singapore,486127,SINGAPORE,FGL
APAC,Singapore,Singapore,498827,SINGAPORE,FGL
APAC,Colombo,Sri Lanka,1300,SRI LANKA,FGL
APAC,"Dayuan,Taoyuan",Taiwan,337,Taiwan,FGL
APAC,Bangkok,.,10250,THAILAND,FGL
APAC,Ho Chi Minh,Ho Chi Minh,-,VIET NAM,FGL
EMEA,Wien,Wien,1210,AUSTRIA,FGL
EMEA,Muharraq,Manama,26951,BAHRAIN,FGL
EMEA,BRUCARGO,.,1931,BELGIUM,FGL
EMEA,Rijeka,.,51000,CROATIA,FGL
EMEA,Vallensbaek,...,2625,DENMARK,FGL
EMEA,Cairo,Down Town,11111,EGYPT,FGL
EMEA,Floirac,Floirac,33270,FRANCE,FGL
EMEA,Bat 3417 B,Roissy,95702,FRANCE,FGL
EMEA,Villeneuve La Garenne,France,92390,FRANCE,FGL
EMEA,Lesquin,France,59810,FRANCE,FGL
EMEA,VILLEURBANNE,France,69100,FRANCE,FGL
EMEA,Aix En Provence,.,13852,FRANCE,FGL
EMEA,Mundolsheim,.,67450,FRANCE,FGL
EMEA,Kesselsdorf,Dresden,1723,GERMANY,FGL
EMEA,Dusseldorf,.,40595,GERMANY,FGL
EMEA,Roedermark,.,63322,GERMANY,FGL
EMEA,Raunheim,.,65479,GERMANY,FGL
EMEA,Hamburg,.,20537,GERMANY,FGL
EMEA,,Munchen,85716,GERMANY,FGL
EMEA,Berlin,.,10553,GERMANY,FGL
EMEA,"Vari  16672,  Athens",Athens,16672,GREECE,FGL
EMEA,Dublin 9,...,…,IRELAND,FGL
EMEA,Limerick,.,.,IRELAND,FGL
EMEA,Kanot,.,70700,ISRAEL,FGL
EMEA,Tel Aviv,Tel Aviv,67443,ISRAEL,FGL
EMEA,Tel Aviv,Tel Aviv,70100,ISRAEL,FGL
EMEA,Peschiera Borromeo,.,20068,ITALY,FGL
EMEA,Fiano Romano,.,65,ITALY,FGL
EMEA,Amman,.,11181,JORDAN,FGL
EMEA,Casablanca,.,20100,MOROCCO,FGL
EMEA,Oude Meer,....,1438 BB,NETHERLANDS,FGL
EMEA,AMSTERDAM,.,1047 HP,NETHERLANDS,FGL
EMEA,Oslo,.,580,NORWAY,FGL
EMEA,Muscat,.,Mutrah 114,OMAN,FGL
EMEA,Warsaw,.,02-386,POLAND,FGL
EMEA,Wroclaw,Poland,52-404,POLAND,FGL
EMEA,1100-287 LISBOA,.,1100-287,Portugal,FGL
EMEA,Doha,.,.,QATAR,FGL
EMEA,Podolsk,Moscow,142101,RUSSIAN FEDERATION,FGL
EMEA,Jeddah,.,.,SAUDI ARABIA,FGL
EMEA,Riyadh,Riyadh,11583,SAUDI ARABIA,FGL
EMEA,Isando,Gauteng,1620,SOUTH AFRICA,FGL
EMEA,BARCELONA-HOSPITALET,.,8908,SPAIN,FGL
EMEA,BASAURI,.,48970,SPAIN,FGL
EMEA,TELDE,LAS PALMAS DE GRAN CANARIA,35219,Spain,FGL
EMEA,Coslada,Madrid,28820,SPAIN,FGL
EMEA,Gothenburg,...,41101,SWEDEN,FGL
EMEA,Stockholm,,S-163 08,SWEDEN,FGL
EMEA,Embrach Embraport,.,8423,SWITZERLAND,FGL
EMEA,Istanbul,TURKEY,34555,TURKEY,FGL
EMEA,"Al-Quoz, Dubai",Dubai,.,UNITED ARAB EMIRATES,FGL
EMEA,Belfast,Antrim,BT36 7LS,UNITED KINGDOM,FGL
EMEA,Birmingham,.,B90 4NZ,UNITED KINGDOM,FGL
EMEA,Bristol,.,BS5 7 DR,UNITED KINGDOM,FGL
EMEA,Coventry,United Kingdom,CV6 5RY,UNITED KINGDOM,FGL
EMEA,Cardiff,United Kingdom,CF3 2PU,UNITED KINGDOM,FGL
EMEA,Livingston,West lothian,EH54 5QS,UNITED KINGDOM,FGL
EMEA,Glasgow,United Kingdom,ML5 4NS,UNITED KINGDOM,FGL
EMEA,Leeds,United Kingdom,LS9 0SF,UNITED KINGDOM,FGL
EMEA,Doncaster,United Kingdom,DN6 7BH,UNITED KINGDOM,FGL
EMEA,Bedfont,MIDDLESEX,TW14 8RS,UNITED KINGDOM,FGL
EMEA,Colnbrook,United Kingdom,SL3 ONJ,UNITED KINGDOM,FGL
EMEA,London,.United Kingdom,EC2A 3NN,UNITED KINGDOM,FGL
EMEA,Hatfield,United Kingdom,AL10 8BJ,UNITED KINGDOM,FGL
EMEA,Milton Keynes,United Kingdom,MK14 6GD,UNITED KINGDOM,FGL
EMEA,MANCHESTER,WYTHENSHAWE,M23 9 PH,UNITED KINGDOM,FGL
EMEA,Warrington,United Kingdom,WA3 6SZ,UNITED KINGDOM,FGL
EMEA,WASHINGTON,TYNE AND WEAR,NE38 0AD,UNITED KINGDOM,FGL
EMEA,Southampton,United Kingdom,SO17 3SD,UNITED KINGDOM,FGL
LATAM,San Martin,Buenos Aires,1672,ARGENTINA,FGL
LATAM,Devonshire,.,DV01,BERMUDA,FGL
LATAM,Santa Cruz,*,*,BOLIVIA,FGL
LATAM,Brasilia,Distrito Federal,70760-767,BRAZIL,FGL
LATAM,BOQUEIRAO,Parana,83010-290,BRAZIL,FGL
LATAM,SAO PAULO,Sao Paulo,05035-000,BRAZIL,FGL
LATAM,CANOAS,Rio Grande do Sul,92420-180,BRAZIL,FGL
LATAM,ABREU E LIMA,PERNAMBUCO,53520-785,BRAZIL,FGL
LATAM,RIO DE JANEIRO,Rio de Janeiro,21041-170,BRAZIL,FGL
LATAM,Salvador,Bahia,41300-501,BRAZIL,FGL
LATAM,SANTIAGO,REGION METROPOLITANA,.,CHILE,FGL
LATAM,Bogota,.,.,Colombia,FGL
LATAM,Bogota,.,.,Colombia,FGL
LATAM,Medellin,.,.,Colombia,FGL
LATAM,San Jose,San Jose,.,COSTA RICA,FGL
LATAM,Santo Domingo,Distrito Nacional,.,DOMINICAN REPUBLIC,FGL
LATAM,Quito,.,.,ECUADOR,FGL
LATAM,Acapulco,Guerrero,39715,Mexico,FGL
LATAM,Aguascalientes,Aguascalientes,20290,Mexico,FGL
LATAM,Leon,Guanajuato,37290,Mexico,FGL
LATAM,Cd. Obregon,Sonora,85000,Mexico,FGL
LATAM,Cd. Juarez,Chihuahua,32670,Mexico,FGL
LATAM,Cd. Del Carmen,Campeche,24150,Mexico,FGL
LATAM,Campeche,Campeche,24070,Mexico,FGL
LATAM,Culiacan,Sinaloa,60450,Mexico,FGL
LATAM,Cancun,Quintana Roo,77500,Mexico,FGL
LATAM,Chihuahua,Chihuahua,31136,Mexico,FGL
LATAM,Cuernavaca,Morelos,62579,Mexico,FGL
LATAM,Durango,Durango,34220,Mexico,FGL
LATAM,Hermosillo,Sonora,83220,Mexico,FGL
LATAM,Matamoros,Tamaulipas,87394,Mexico,FGL
LATAM,Ciudad de Mexico,D.F.,2120,Mexico,FGL
LATAM,Merida,Yucatan,97390,Mexico,FGL
LATAM,Morelia,Michoacan,58000,Mexico,FGL
LATAM,Coatzacoalcos,Veracruz,96536,Mexico,FGL
LATAM,Monterrey,Nuevo Leon,64350,Mexico,FGL
LATAM,Mexicali,Baja California Norte,21190,Mexico,FGL
LATAM,Mazatlan,Sinaloa,82190,Mexico,FGL
LATAM,Nuevo Laredo,Tamaulipas,88260,Mexico,FGL
LATAM,Oaxaca,Oaxaca,68030,Mexico,FGL
LATAM,Puebla,Puebla,72100,Mexico,FGL
LATAM,Pachuca,Hidalgo,42080,Mexico,FGL
LATAM,Queretaro,Queretaro,76154,Mexico,FGL
LATAM,San Luis Potosi,SLP,78395,Mexico,FGL
LATAM,Tampico,Tmaulipas,89339,Mexico,FGL
LATAM,Tapachula,Chiapas,30700,Mexico,FGL
LATAM,Tuxtla Gutierrez,Chiapas,29050,Mexico,FGL
LATAM,Tijuana,BC Norte,22500,Mexico,FGL
LATAM,Tepic,Nayarit,63173,Mexico,FGL
LATAM,Torreon,Coahuila,27010,Mexico,FGL
LATAM,Veracruz,Veracruz,91697,Mexico,FGL
LATAM,Villahermosa,Tabasco,86010,Mexico,FGL
LATAM,Zacatecas,Zacatecas,98600,Mexico,FGL
LATAM,Manzanillo,Colima,28210,Mexico,FGL
LATAM,Zamora,Michoacan,59690,Mexico,FGL
LATAM,Managua,.,.,NICARAGUA,FGL
LATAM,Lima,Lima,21,PERU,FGL
LATAM,Caracas,Distrito Federal,1060,VENEZUELA,FGL
USCA,Edmonton,AB,T5H 3E7,CANADA,FGL
USCA,Dartmouth,NS,B3B 1J1,CANADA,FGL
USCA,Kamloops,BC,V2B 8A7,CANADA,FGL
USCA,Kelowna,BC,V1Y 7G7,CANADA,FGL
USCA,Markham,ON,L3R 1J1,CANADA,FGL
USCA,Windsor,ON,N8X 5E5,CANADA,FGL
USCA,Lethbridge,AB,T1H 5J1,CANADA,FGL
USCA,Regina,SK,S4N 5X3,CANADA,FGL
USCA,Thunder Bay,ON,P7B 4A5,CANADA,FGL
USCA,Grand Prairie,AB,T8V 6W1,CANADA,FGL
USCA,Timmins,ON,P4N 2S6,CANADA,FGL
USCA,Montreal,QC,H3J 1R5,CANADA,FGL
USCA,Dorval,QC,H9P 1H7,CANADA,FGL
USCA,Vancouver,BC,V6A 1C7,CANADA,FGL
USCA,Richmond,BC,V6X 1X5,CANADA,FGL
USCA,Rimouski,QC,G5L 6C7,CANADA,FGL
USCA,Calgary,AB,T2G 1J9,CANADA,FGL
USCA,Paradise,NF,A1L 0A7,CANADA,FGL
USCA,Mississauga,ON,L4Y 3Y4,CANADA,FGL
USCA,Toronto,ON,M5A 1P6,CANADA,FGL
